id,img_src,descr
1,https://images.deepai.org/art-image/82d9506c252746969361ed02ab3468ef/vajina-of-a-woman-abb82c-thumb.jpg,"Oil and gas, Construction, Commissioning, personnel"
2,https://images.deepai.org/art-image/6e0024d5382648849ba8821f84120d8e/first-contact-with-aliens-96878f-thumb.jpg,random strange woman
3,https://images.deepai.org/art-image/bf2d2f8330e446179fbcd6f5a5c95c83/franchesca-and-clarence-so-in-love-thumb.jpg,woman in love
4,https://images.deepai.org/art-image/8c5f31e7fad1486fa31d2e1e71e80715/slurpy-thumb.jpg,first contact with aliens
5,https://images.deepai.org/art-image/c85513e781824eccaf118a1c37a8e17e/pink-princess-85eca2-thumb.jpg,first contact with aliens
6,https://images.deepai.org/art-image/c9b9d51e0a88456abf16a42b9819971e/bangtan-20e5e3-thumb.jpg,Franchesca and Clarence so in love
7,https://images.deepai.org/art-image/9768d489aedd4d54954485f3e7e5ace6/peugeot-404-on-a-field-of-wheats-7a95c2-thumb.jpg,Franchesca and Clarence so in love
8,https://images.deepai.org/art-image/11dd93831bb24bf9971a8a39ac2c7bad/chainsaw-man-74ee8e-thumb.jpg,Slurpy
9,https://images.deepai.org/art-image/37122294582648598189b82c07820207/nick-fuentes-president-future-636b81-thumb.jpg,Slurpy
10,https://images.deepai.org/art-image/8ba5f311aef346af9e24a1b97901b1c0/ghost-dead-b3aa8a-thumb.jpg,Pink princess
11,https://images.deepai.org/art-image/720ccaf5bac64937bc05fb7ddb9fd7cc/lion-with-dosa-thumb.jpg,Pink princess
12,https://images.deepai.org/art-image/1f543d2ace0c4f46b086c3adf074c515/water-fighting-type-pokemon-2274c7-thumb.jpg,BANGTAN
13,https://images.deepai.org/art-image/1b5cdd5e81bb4db8b386f9bbad22470b/knight-as-a-80-s-gangstar-action-film-53be35-thumb.jpg,BANGTAN
14,https://images.deepai.org/art-image/0267f75afbb24b00939a048ad565fda7/akashic-cheatcode-742c9d-thumb.jpg,peugeot 404 on a field of wheats
15,https://images.deepai.org/art-image/daea4c97c977440a8cb85c3a573cfa85/https-media-discordapp-net-attachments-10168405085485.jpg,peugeot 404 on a field of wheats
16,https://images.deepai.org/art-image/e5ba2f9ba1464bda8d70a19d3108437d/illustrate-an-efficient-piece-of-machinery-wheels-and.jpg,chainsaw man
17,https://images.deepai.org/art-image/cf43e8117e634ce08380fce73582dc68/the-evil-god-turned-good-thumb.jpg,chainsaw man
18,https://images.deepai.org/art-image/eb333898837b44c39051f2d4566fd332/dinosaur-with-a-suitcase-dc6962-thumb.jpg,NICK FUENTES PRESidENT FUTURE
19,https://images.deepai.org/art-image/f7f01b38af1e4179afae84bddba178cd/portrait-of-emperor-kissing-empress-in-byzantine-mosa.jpg,ghost dead
20,https://images.deepai.org/art-image/e37f3a008c8640c1853d146c619f78d3/boxing-hares-photography-thumb.jpg,ghost dead
21,https://images.deepai.org/art-image/8812f43d75fa4f7694a15d23067fdfd0/f-zero-style-thumb.jpg,Lion with dosa
22,https://images.deepai.org/art-image/da770b53a7404efa91d8522536fccaf7/ghost-dead-3a2c8a-thumb.jpg,Lion with dosa
23,https://images.deepai.org/art-image/b2bde469307b46bfbde87fa226c39c7e/chef-kelly-s-gourmet-mushrooms-cartoon-chef-with-mush.jpg,water fighting type pokemon
24,https://images.deepai.org/art-image/e205b76f9f8449c2a03b01fe9a92a260/oil-and-gas-construction-commissioning-thumb.jpg,water fighting type pokemon
25,https://images.deepai.org/art-image/aa6857bbd9ba426f82d728013b3d7c74/fubuki-16d22b-thumb.jpg,knight as a 80's Gangstar Action Film
26,https://images.deepai.org/art-image/1db08cbcd3eb47e8a9a4cecbde9ed833/koshka-maniak-7ffce0-thumb.jpg,knight as a 80's Gangstar Action Film
27,https://images.deepai.org/art-image/c823cbb568fe4ea08fc3a0dee276160f/channing-tatum-as-a-half-orc-kind-looking-dressed-as-.jpg,akashic cheatcode
28,https://images.deepai.org/art-image/0499839c48404968912d7491a1ed19a4/margot-robbie-french-kissing-nicole-kidmans-mommy-mil.jpg,akashic cheatcode
29,https://images.deepai.org/art-image/2bd494512e0544c3ad50f057befd0cb1/peugeot-404-on-a-field-of-wheats-thumb.jpg,a car
30,https://images.deepai.org/art-image/aeeba3e1299e4500931319c0e64a69fc/bts-1712dc-thumb.jpg,Illustrate an efficient piece of machinery - wheels and components tha...
31,https://images.deepai.org/art-image/03b146edcea14e939a85e145f7a25ad1/vajina-of-a-woman-thumb.jpg,Illustrate an efficient piece of machinery - wheels and components that seamlessly fit together
32,https://images.deepai.org/art-image/c8545fb676cd44459ff7b85b94d53a2d/akashic-cheatcode-thumb.jpg,The evil god turned good
33,https://images.deepai.org/art-image/890da1a4f9334271b47360fe8201f127/knight-as-a-80-s-gangstar-action-film-thumb.jpg,The evil god turned good
34,https://images.deepai.org/art-image/4b793ff1790a4d3eb3782b70ba081034/dog-on-a-chainsaw-9dd909-thumb.jpg,Margot Robbie and Nicole  mommy milkers
35,https://images.deepai.org/art-image/ae4c36dc8da84c1db27e359147f8bafa/frog-76b002-thumb.jpg,Nicole mans mommy
36,https://images.deepai.org/art-image/396658fe4a374c04ade29f53e3a36cb3/isometric-room-filled-with-plants-thumb.jpg,dinosaur with a suitcase
37,https://images.deepai.org/art-image/a0c47ece12c64d699e2f20b927e844dd/water-fighting-tpye-pokemon-thumb.jpg,dinosaur with a suitcase
38,https://images.deepai.org/art-image/052cb42be0444d3e95e190f41abaa8bc/dabi-975ff1-thumb.jpg,portrait of emperor empress in byzantine mosaic style
39,https://images.deepai.org/art-image/d25fd8b5975b4be8afb4f8a6fb7cb586/rick-sanchez-holding-the-master-sword-7e0556-thumb.jpg,portrait of emperor empress in byzantine mosaic style
40,https://images.deepai.org/art-image/e6efdd0d692642fb94cc3c348b27ceae/tired-meetings-reports-presentations-soon-weekend-thu.jpg,boxing hares photography
41,https://images.deepai.org/art-image/546fd5bb4efc46d0aec8ce7d3ccb8cd0/an-aggressive-amount-of-vigorous-nuggets-pleading-for.jpg,boxing hares photography
42,https://images.deepai.org/art-image/44641da7fb08441996aad3431e4a2ae4/installation-wizard-40ecde-thumb.jpg,F zero style
43,https://images.deepai.org/art-image/ccbb06d8df5044f6a00ed31b71649bd0/sakura-haruno-1f6b26-thumb.jpg,F zero style
44,https://images.deepai.org/art-image/95e603b2c9a1490d82ab4f9a31ac2e0c/dad-has-an-idea-he-goes-down-the-hall-to-the-nursery-.jpg,ghost dead
45,https://images.deepai.org/art-image/d8be8e3e867145c6b5f4c52ac84e1f91/benjamin-drizzle-7d14ba-thumb.jpg,ghost dead
46,https://images.deepai.org/art-image/aae136f718284dca8cb4f10a611ead2c/dinosaur-with-a-suitcase-thumb.jpg,Chef Kelly's gourmet mushrooms
47,https://images.deepai.org/art-image/b2de5735406e4d4b97261e6fe5c3b8bb/frog-3801ef-thumb.jpg,"Chef Kelly's gourmet mushrooms, cartoon chef with mushroom as a hat, logo"
48,https://images.deepai.org/art-image/73326d3524cd4921809d3e1f13d23e55/soulmate-beff79-thumb.jpg,Oil and gas
49,https://images.deepai.org/art-image/e33e345b54554347a1f48fa7463a5c80/koshka-maniak-thumb.jpg,"Oil and gas, Construction, Commissioning"
50,https://images.deepai.org/art-image/284d4e06ff8e4f9484a327e2d2744c36/qi-ra-beautiful-bangs-star-wars-thumb.jpg,fubuki
51,https://images.deepai.org/art-image/fba8499831b74d128e8952931f6de83e/traffic-signal-with-red-heart-yellow-circle-and-green.jpg,Кошка-маньяк
52,https://images.deepai.org/art-image/719e2536a0f145c6bb50e1064c39fe0d/epithelia-cell-inside-large-pillars-thumb.jpg,Кошка-маньяк
53,https://images.deepai.org/art-image/e6e40e98c7154c2683f4b23c6703d6bc/and-the-rainbow-land-adventure-will-always-be-a-part-.jpg,channing tatum as a half-orc
54,https://images.deepai.org/art-image/419f4b6b6dc5414bb7bb48cfecdabc15/frog-73cf73-thumb.jpg,"channing tatum as a half-orc, kind looking, dressed as a city guard, green skin, hair in a man bun, short tusks. Full body portrait"
55,https://images.deepai.org/art-image/8cf6246003cb439aa0aa032e0f4589eb/portrait-of-emperor-kissing-empress-in-byzantine-mosa.jpg,Margot Robbie French Nicole kidmans mommy
56,https://images.deepai.org/art-image/df41e32e16fd4f869c349224ba75115a/real-estate-agent-normal-face-thumb.jpg,Margot Robbie French Nicole kmans mommy
57,https://images.deepai.org/art-image/436e84a4e94c46fcb767770e72834bc6/1488-6eb72f-thumb.jpg,peugeot 404 on a field of wheats
58,https://images.deepai.org/art-image/040c681b1caf48c4988b42788209a126/an-aggressive-amount-of-vigorous-nuggets-pleading-for.jpg,peugeot 404 on a field of wheats
59,https://images.deepai.org/art-image/49a7f781c07849b28140acd4de9907ff/indian-god-187f40-thumb.jpg,Real estate Agent 2023 Argenteuil
60,https://images.deepai.org/art-image/d26b99021bdf4a2da253b82067f90c2b/lalisa-fd71b2-thumb.jpg,Real estate Agent 2023 Argenteuil
61,https://images.deepai.org/art-image/7c99d81339484435877392bf47b4fb16/patrick-star-da0595-thumb.jpg,BTS
62,https://images.deepai.org/art-image/c9f9601a6ec642159bd75974944c7af6/installation-wizard-thumb.jpg,BTS
63,https://images.deepai.org/art-image/0d49945e4b114b9f9579231036a793e0/gods-creating-worksheet-7b31a5-thumb.jpg,a woman
64,https://images.deepai.org/art-image/895b4bf4cb534088b69f3fb5400c7755/jet-set-radio-3023b3-thumb.jpg,a woman
65,https://images.deepai.org/art-image/fa0878f4f54343c6a0f0dab5482efc37/create-an-image-of-hoover-dam-in-the-style-of-the-tec.jpg,akashic cheatcode
66,https://images.deepai.org/art-image/473c4b668e85481dac273c8a39667808/qi-ra-beautiful-bangs-thumb.jpg,akashic cheatcode
67,https://images.deepai.org/art-image/1bd0910e66c74758a44dff9db3c07cef/school-student-look-at-the-school-and-face-the-future.jpg,knight as a 80's Gangstar Action Film
68,https://images.deepai.org/art-image/da0750c783ba484e928571de2237fd32/grand-tree-in-a-field-of-fighting-hares-at-night-thum.jpg,knight as a 80's Gangstar Action Film
69,https://images.deepai.org/art-image/85f1989ce0b2470a9f6ec34b4bee381d/frog-9c73de-thumb.jpg,dog on a chainsaw
70,https://images.deepai.org/art-image/1ff0b840ae3147e59ae8ddbff906dc28/wizard-with-animal-bone-skull-hat-f1f603-thumb.jpg,dog on a chainsaw
71,https://images.deepai.org/art-image/6037029989604723bcb0ad4d82d2da75/woman-with-cactus-thumb.jpg,frog